FIRST_NAME,LAST_NAME,PLAYER_NAME,HEIGHT,WEIGHT,POSITION,AGE,TEAM,GP,GS,NOTE_2019,NOTE_2020,2020,2021,2022,2023
Steven,Adams,Steven Adams,211,120,C,26,OKC,58,58,5.56,6.18,25842697,27528088,0,0
Bam,Adebayo,Bam Adebayo,206,116,C,22,MIA,65,65,4.28,7.92,3454080,5115492,7115650,0
LaMarcus,Aldridge,LaMarcus Aldridge,211,113,C,34,SAS,53,53,8.52,9.59,26000000,24000000,0,0
Nickeil,Alexander-Walker,Nickeil Alexander-Walker,196,93,SG,21,NOP,41,0,,1.16,2964840,3113160,3261480,5009633
Grayson,Allen,Grayson Allen,193,90,SG,24,MEM,30,0,0.77,2.07,2429400,2545320,4054695,5842815
Jarrett,Allen,Jarrett Allen,211,110,C,22,BKN,64,58,4.66,4.50,2376840,3909902,5661538,0
Kadeem,Allen,Kadeem Allen,185,91,PG,27,NYK,10,0,3.08,1.34,79568,0,0,0
Al-Farouq,Aminu,Al-Farouq Aminu,203,100,PF,29,ORL,18,2,5.11,2.41,9258000,9720900,10183800,0
Justin,Anderson,Justin Anderson,198,104,SF,26,BKN,3,0,1.23,0.16,91557,0,0,0
Kyle,Anderson,Kyle Anderson,206,104,SF,26,MEM,59,20,5.50,3.04,9073050,9505100,9937150,0
Ryan,Anderson,Ryan Anderson,206,108,PF,32,HOU,2,0,0.95,0.39,5714583,5214583,5214583,0
Giannis,Antetokounmpo,Giannis Antetokounmpo,211,110,PF,25,MIL,57,57,7.99,7.02,25842697,27528088,0,0
Kostas,Antetokounmpo,Kostas Antetokounmpo,208,91,PF,22,LAL,3,0,0.15,0.0,79568,0,0,0
Thanasis,Antetokounmpo,Thanasis Antetokounmpo,198,99,SF,27,MIL,18,2,,0.27,1445697,1701593,0,0
Carmelo,Anthony,Carmelo Anthony,203,108,SF,36,POR,50,50,4.42,6.75,2159029,0,0,0
OG,Anunoby,OG Anunoby,201,105,SF,22,TOR,63,62,2.37,6.68,2281800,3872215,5634072,0
Ryan,Arcidiacono,Ryan Arcidiacono,191,88,PG,26,CHI,58,4,4.27,1.93,3000000,3000000,3000000,0
Trevor,Ariza,Trevor Ariza,203,98,SF,34,SAC,53,21,6.85,5.80,12200000,12800000,0,0
D.J.,Augustin,D.J. Augustin,180,83,PG,32,ORL,49,6,5.81,4.18,7250000,0,0,0
Deandre,Ayton,Deandre Ayton,211,113,C,21,PHX,30,25,5.69,6.72,9562920,10018200,12632950,16422835
Dwayne,Bacon,Dwayne Bacon,198,100,SG,24,CHA,39,11,1.96,1.71,1618520,2023150,0,0
Marvin,Bagley III,Marvin Bagley III,211,107,PF,21,SAC,13,6,4.03,3.25,8556120,8963640,11312114,14762308
Lonzo,Ball,Lonzo Ball,198,86,PG,22,NOP,56,47,5.37,6.77,8719320,11003782,14359935,0
Mo,Bamba,Mo Bamba,213,105,C,22,ORL,60,0,2.32,2.33,5697600,5969040,7568743,10096703
J.J.,Barea,J.J. Barea,178,82,PG,35,DAL,26,4,2.82,2.32,2564753,0,0,0
Harrison,Barnes,Harrison Barnes,203,102,SF,28,SAC,64,64,6.21,7.38,24147727,22215909,20284091,18352273
RJ,Barrett,RJ Barrett,198,97,SG,19,NYK,56,55,,4.33,7839960,8231760,8623920,10900634
Will,Barton,Will Barton,196,82,SG,29,DEN,58,58,4.43,7.22,12776786,13723214,14669642,0
Keita,Bates-Diop,Keita Bates-Diop,203,104,SF,24,MIN,39,0,2.27,2.70,1416852,1663861,0,0
Nicolas,Batum,Nicolas Batum,206,104,SF,31,CHA,22,3,6.71,3.91,25565217,27130434,0,0
Aron,Baynes,Aron Baynes,208,118,C,33,PHX,42,28,2.85,3.20,5453280,0,0,0
Kent,Bazemore,Kent Bazemore,193,88,SF,30,POR,64,21,4.06,4.35,19269663,0,0,0
Darius,Bazley,Darius Bazley,203,94,PF,19,OKC,53,8,,2.02,2284800,2399160,2513040,4264628
Bradley,Beal,Bradley Beal,191,94,SG,27,WAS,57,57,8.74,8.03,27093018,28751774,34502129,37262299
Malik,Beasley,Malik Beasley,193,85,SG,23,DEN,55,14,3.34,3.31,2731713,3895423,0,0
Marco,Belinelli,Marco Belinelli,196,100,SG,34,SAS,52,0,3.04,1.77,5846154,0,0,0
Jordan,Bell,Jordan Bell,203,97,PF,25,MIN,29,0,0.88,0.81,1620564,0,0,0
DeAndre',Bembry,DeAndre' Bembry,196,95,SG,25,ATL,43,4,3.40,2.51,2603981,3752337,0,0
Dragan,Bender,Dragan Bender,213,113,PF,22,MIL,16,3,1.59,2.11,1868554,0,0,0
Davis,Bertans,Davis Bertans,208,102,PF,27,WAS,54,4,3.58,5.58,7000000,0,0,0
Patrick,Beverley,Patrick Beverley,185,82,PG,31,LAC,48,48,5.54,4.73,12345680,13333333,14320987,0
Khem,Birch,Khem Birch,206,106,C,27,ORL,40,24,1.61,1.84,3000000,3000000,0,0
Goga,Bitadze,Goga Bitadze,211,113,C,20,IND,49,2,,0.65,2816760,2957520,3098400,4765339
Bismack,Biyombo,Bismack Biyombo,203,116,C,27,CHA,53,29,1.37,2.01,17000000,0,0,0
Nemanja,Bjelica,Nemanja Bjelica,208,106,PF,32,SAC,64,61,3.81,5.47,6825000,7150000,0,0
Eric,Bledsoe,Eric Bledsoe,185,97,PG,30,MIL,56,56,6.85,5.63,15625000,16875000,18125000,19375000
Bogdan,Bogdanovic,Bogdan Bogdanovic,198,100,SG,27,SAC,53,20,4.50,4.58,8529386,0,0,0
Bojan,Bogdanovic,Bojan Bogdanovic,203,103,SF,31,UTA,63,63,6.07,6.66,17000000,17850000,18700000,19550000
Jonah,Bolden,Jonah Bolden,203,99,PF,24,PHI,7,0,1.54,0.19,1788296,0,0,0
Jordan,Bone,Jordan Bone,191,82,PG,22,DET,10,0,,0.15,79568,0,0,0
Isaac,Bonga,Isaac Bonga,203,82,SF,20,WAS,58,41,0.26,3.08,1416852,1663861,0,0
Devin,Booker,Devin Booker,196,93,SG,23,PHX,62,62,5.75,6.86,27285000,29430000,31610000,33790000
Chris,Boucher,Chris Boucher,206,91,PF,27,TOR,55,0,0.55,1.79,1588231,0,0,0
Brian,Bowen II,Brian Bowen II,198,86,SG,21,IND,5,1,,0.19,79568,0,0,0
Ky,Bowman,Ky Bowman,185,85,PG,22,GSW,45,12,,3.35,350189,1517981,1782621,0
Avery,Bradley,Avery Bradley,191,82,PG,29,LAL,49,44,5.07,3.52,6767000,5005350,0,0
Tony,Bradley,Tony Bradley,208,112,C,22,UTA,50,2,0.89,1.11,1962360,3542060,5277669,0
Jarrell,Brantley,Jarrell Brantley,196,113,PF,23,UTA,5,0,,0.00,79568,0,0,0
Ignas,Brazdeikis,Ignas Brazdeikis,198,100,SF,21,NYK,9,0,,0.37,898310,1517981,1782621,0
Mikal,Bridges,Mikal Bridges,198,95,SF,23,PHX,65,24,5.52,6.15,4161000,4359000,5557725,7569621
Miles,Bridges,Miles Bridges,198,102,SF,22,CHA,65,64,3.85,6.20,3755400,3934320,5421493,7469530
Oshae,Brissett,Oshae Brissett,201,95,SF,21,TOR,19,0,,0.53,129568,0,0,0
Ryan,Broekhoff,Ryan Broekhoff,198,97,SG,29,DAL,17,1,0.97,1.46,1416852,0,0,0
Malcolm,Brogdon,Malcolm Brogdon,196,104,PG,27,IND,48,48,6.99,6.49,20000000,20700000,21700000,22600000
Dillon,Brooks,Dillon Brooks,201,102,SF,24,MEM,65,65,2.00,4.61,1618520,11400000,12200000,11400000
Bruce,Brown,Bruce Brown,193,92,SG,23,DET,58,43,2.02,4.92,1416852,1663861,0,0
Jaylen,Brown,Jaylen Brown,198,101,SG,23,BOS,50,50,3.56,6.20,6534829,23883928,25794643,27705357
Moses,Brown,Moses Brown,218,111,C,20,POR,9,0,,0.03,79568,0,0,0
Troy,Brown Jr.,Troy Brown Jr.,198,98,SF,20,WAS,61,14,1.76,4.79,3219480,3372840,5170564,7228448
Jalen,Brunson,Jalen Brunson,185,86,PG,23,DAL,57,16,3.30,2.68,1416852,1663861,1802057,0
Thomas,Bryant,Thomas Bryant,208,112,C,22,WAS,38,28,4.61,5.44,8000000,8333333,8666667,0
Reggie,Bullock,Reggie Bullock,198,93,SG,29,NYK,29,19,4.36,3.11,4000000,4200000,0,0
Trey,Burke,Trey Burke,183,79,PG,27,PHI,25,0,3.51,1.74,2028594,0,0,0
Alec,Burks,Alec Burks,198,97,SG,28,GSW,59,18,3.23,5.30,2320044,0,0,0
Deonte,Burton,Deonte Burton,193,109,SG,26,OKC,34,0,0.44,0.47,1416852,1663861,0,0
Jimmy,Butler,Jimmy Butler,201,104,SF,30,MIA,54,54,8.90,9.12,32742000,34379100,36016200,37653300
Bruno,Caboclo,Bruno Caboclo,206,99,SF,24,MEM,27,0,4.44,0.92,1845301,0,0,0
Kentavious,Caldwell-Pope,Kentavious Caldwell-Pope,196,93,SG,27,LAL,63,20,3.66,3.81,8089282,8493746,0,0
Vlatko,Cancar,Vlatko Cancar,203,107,SF,23,DEN,14,0,,0.09,898310,1571981,1782621,0
Clint,Capela,Clint Capela,208,109,C,26,HOU,39,39,6.88,6.39,16896552,18000000,19103448,20206896
DeMarre,Carroll,DeMarre Carroll,198,98,SF,33,SAS,21,0,3.95,0.92,7339258,6119676,1242340,0
Jevon,Carter,Jevon Carter,185,91,PG,24,PHX,50,2,2.20,2.30,1416852,0,0,0
Vince,Carter,Vince Carter,198,100,SG,43,ATL,60,0,2.17,1.68,2564753,0,0,0
Wendell,Carter Jr.,Wendell Carter Jr.,206,122,C,21,CHI,43,43,4.14,4.11,5201400,5448840,6920027,9279756
Michael,Carter-Williams,Michael Carter-Williams,196,86,SG,28,ORL,42,0,1.38,3.10,2028594,0,0,0
Alex,Caruso,Alex Caruso,196,84,PG,26,LAL,58,1,3.25,2.76,2750000,2750000,0,0
Willie,Cauley-Stein,Willie Cauley-Stein,213,109,C,26,GSW,54,39,4.99,3.00,2177483,2286357,0,0
Tyson,Chandler,Tyson Chandler,213,107,PF,37,HOU,26,5,1.23,0.50,2564753,0,0,0
Wilson,Chandler,Wilson Chandler,203,107,SF,33,BKN,35,3,3.33,3.09,2564753,0,0,0
Joe,Chealey,Joe Chealey,193,86,PG,24,CHA,4,0,0.25,0.53,163356,0,0,0
Zylan,Cheatham,Zylan Cheatham,196,100,SF,24,NOP,3,0,,0.31,79568,0,0,0
Chris,Chiozza,Chris Chiozza,180,79,PG,24,WAS,21,0,0.36,1.90,159136,0,0,0
Marquese,Chriss,Marquese Chriss,206,109,PF,22,GSW,59,21,0.91,3.13,1413273,1824003,0,0
Gary,Clark,Gary Clark,198,102,PF,25,HOU,35,1,0.98,1.51,1427191,0,0,0
Brandon,Clarke,Brandon Clarke,203,98,PF,23,MEM,50,3,,4.32,2478840,2602920,2726880,4343919
Jordan,Clarkson,Jordan Clarkson,193,88,SG,27,CLE,63,0,4.19,4.00,13437500,0,0,0
Nicolas,Claxton,Nicolas Claxton,211,98,PF,21,BKN,15,0,,0.84,898310,1517981,1782621,0
Chris,Clemons,Chris Clemons,175,82,SG,22,HOU,29,0,,1.01,563346,1517981,1782621,0
Antonius,Cleveland,Antonius Cleveland,196,88,SG,26,DAL,6,0,,0.14,79568,0,0,0
Amir,Coffey,Amir Coffey,201,95,SG,22,LAC,13,0,,0.30,79568,0,0,0
John,Collins,John Collins,206,107,PF,22,ATL,41,41,5.06,7.75,2686560,4137302,5899793,0
Zach,Collins,Zach Collins,211,113,PF,22,POR,3,3,2.16,2.17,4240200,5406255,7363319,0
Mike,Conley,Mike Conley,185,79,PG,32,UTA,41,35,8.51,4.69,32511623,34502130,0,0
Pat,Connaughton,Pat Connaughton,196,95,SG,27,MIL,61,1,3.13,2.90,1723050,0,0,0
Quinn,Cook,Quinn Cook,185,82,PG,27,LAL,38,0,2.19,1.14,3000000,3000000,0,0
Tyler,Cook,Tyler Cook,203,115,PF,22,CLE,11,0,5.96,0.14,131955,0,0,0
Robert,Covington,Robert Covington,201,95,SF,29,MIN,62,60,8.10,7.44,11301219,12138345,12975471,0
Allen,Crabbe,Allen Crabbe,196,96,SG,28,ATL,37,1,3.08,1.71,17818456,0,0,0
Torrey,Craig,Torrey Craig,201,100,SF,29,DEN,50,19,2.89,2.41,2000000,0,0,0
Jae,Crowder,Jae Crowder,198,107,SF,29,MEM,58,46,4.46,5.90,7815533,0,0,0
Jarrett,Culver,Jarrett Culver,198,88,SG,21,MIN,63,35,,3.03,5813640,6104280,6395160,8109062
Seth,Curry,Seth Curry,188,84,PG,29,DAL,59,20,3.59,4.29,7461380,7834449,8207518,8496653
Stephen,Curry,Stephen Curry,191,84,PG,32,GSW,5,5,9.77,6.21,40231758,43006362,45780966,0
Troy,Daniels,Troy Daniels,193,91,SG,28,LAL,42,0,1.41,0.97,2487033,0,0,0
Anthony,Davis,Anthony Davis,208,115,PF,27,LAL,55,55,10.0,10.0,27093019,28751775,0,0
Ed,Davis,Ed Davis,206,99,PF,30,UTA,25,0,1.58,0.42,4767000,5005350,0,0
Terence,Davis,Terence Davis,193,91,SG,23,TOR,64,2,,2.68,898310,1517981,0,0
Dewayne,Dedmon,Dewayne Dedmon,213,111,C,30,SAC,44,18,6.06,1.95,13333334,13333333,13333333,0
Matthew,Dellavedova,Matthew Dellavedova,191,91,PG,29,CLE,57,4,2.17,1.53,9607500,0,0,0
DeMar,DeRozan,DeMar DeRozan,198,100,SG,30,SAS,61,61,6.89,6.58,27739975,27739975,0,0
Cheick,Diallo,Cheick Diallo,203,99,PF,23,PHX,44,2,1.76,1.23,1678854,1824003,0,0
Hamidou,Diallo,Hamidou Diallo,196,92,SG,21,OKC,38,3,0.51,1.49,1416852,1663861,0,0
Gorgui,Dieng,Gorgui Dieng,208,114,C,30,MIN,58,17,2.62,3.45,16229213,17287640,0,0
Spencer,Dinwiddie,Spencer Dinwiddie,196,98,SG,27,BKN,64,49,3.78,4.93,10605600,11454048,12302496,0
Donte,DiVincenzo,Donte DiVincenzo,193,92,SG,23,MIL,59,22,1.39,4.43,2905800,3044160,4675830,6610599
Luka,Doncic,Luka Doncic,201,104,PG,21,DAL,54,54,7.17,8.04,7683360,8049360,10174391,13348800
Luguentz,Dort,Luguentz Dort,191,98,SG,21,OKC,29,21,,2.18,79568,0,0,0
Damyean,Dotson,Damyean Dotson,196,95,SG,26,NYK,48,0,3.67,2.12,1618520,0,0,0
Sekou,Doumbouya,Sekou Doumbouya,203,104,SF,19,DET,38,19,,2.10,3285120,3449400,3613680,5539771
PJ,Dozier,PJ Dozier,198,93,SG,23,DEN,21,0,0.45,0.88,79568,0,0,0
Goran,Dragic,Goran Dragic,191,86,PG,34,MIA,54,1,4.62,4.63,19217900,0,0,0
Andre,Drummond,Andre Drummond,208,127,C,26,DET,57,56,7.58,6.44,27093018,28751774,0,0
Jared,Dudley,Jared Dudley,198,108,SG,34,LAL,40,1,2.25,1.15,2564753,0,0,0
Kris,Dunn,Kris Dunn,191,93,PG,26,CHI,51,32,6.19,4.24,5348007,7091457,0,0
Kevin,Durant,Kevin Durant,208,109,SF,30,BKN,0,0,9.54,9.54,37199000,39058950,40918900,42778850
Carsen,Edwards,Carsen Edwards,180,91,SG,22,BOS,35,0,,0.89,1228026,1517981,1782621,1930681
Henry,Ellenson,Henry Ellenson,208,108,PF,23,BKN,5,0,1.81,0.02,79568,0,0,0
Wayne,Ellington,Wayne Ellington,193,94,SG,32,NYK,36,1,3.17,1.89,8000000,8000000,0,0
Joel,Embiid,Joel Embiid,213,127,C,26,PHI,44,44,9.53,7.62,27504630,29542010,31579390,33616770
James,Ennis III,James Ennis III,198,98,SF,29,PHI,61,10,2.96,2.60,1882867,2130023,0,0
Drew,Eubanks,Drew Eubanks,206,111,PF,23,SAS,14,3,0.27,0.86,79568,0,0,0
Jacob,Evans,Jacob Evans,193,95,SG,22,GSW,29,1,0.15,1.76,1925880,2017320,3641263,5425481
Dante,Exum,Dante Exum,196,97,SG,24,UTA,35,1,1.39,1.69,9600000,9600000,0,0
Tacko,Fall,Tacko Fall,226,141,C,24,BOS,6,0,,0.10,79568,0,0,0
Derrick,Favors,Derrick Favors,206,120,PF,28,NOP,45,43,3.84,3.23,17650000,0,0,0
Cristiano,Felicio,Cristiano Felicio,208,122,PF,27,CHI,22,0,0.86,1.82,8156500,7529020,0,0
Terrance,Ferguson,Terrance Ferguson,198,86,SG,22,OKC,50,37,2.30,2.10,2475840,3944013,5683323,0
Bruno,Fernando,Bruno Fernando,206,109,C,21,ATL,56,13,,0.81,1400000,1517981,1782621,0
Yogi,Ferrell,Yogi Ferrell,183,81,PG,27,SAC,44,0,2.62,1.26,3150000,0,0,0
Dorian,Finney-Smith,Dorian Finney-Smith,201,100,SF,27,DAL,64,61,3.75,5.81,4000000,4000000,4000000,0
Bryn,Forbes,Bryn Forbes,188,93,SG,26,SAS,63,62,3.91,3.25,2875000,0,0,0
Evan,Fournier,Evan Fournier,201,93,SG,27,ORL,61,61,4.13,5.57,17150000,17150000,0,0
De'Aaron,Fox,De'Aaron Fox,191,84,PG,22,SAC,45,43,7.73,6.61,6392760,8099627,10740105,0
Michael,Frazier,Michael Frazier,191,91,SG,26,HOU,8,0,,0.38,1416852,1663861,0,0
Tim,Frazier,Tim Frazier,183,77,PG,29,DET,27,11,2.89,1.43,79568,0,0,0
Melvin,Frazier Jr.,Melvin Frazier Jr.,196,98,SG,23,ORL,15,0,0.01,0.16,1620564,0,0,0
Markelle,Fultz,Markelle Fultz,191,95,PG,22,ORL,64,59,2.76,4.96,9745200,12288697,15975306,0
Wenyen,Gabriel,Wenyen Gabriel,206,93,PF,23,SAC,28,1,,0.59,1445697,0,0,0
Daniel,Gafford,Daniel Gafford,208,106,C,21,CHI,43,7,,1.26,898310,1517981,1782621,1930681
Danilo,Gallinari,Danilo Gallinari,208,106,PF,31,OKC,55,55,6.38,6.50,22615559,0,0,0
Langston,Galloway,Langston Galloway,185,91,PG,28,DET,66,6,3.46,4.54,7333333,0,0,0
Darius,Garland,Darius Garland,185,87,PG,20,CLE,59,59,,4.75,6400920,6720720,7040880,8920794
Marc,Gasol,Marc Gasol,211,116,C,35,TOR,36,35,8.13,5.74,25595700,0,0,0
Rudy,Gay,Rudy Gay,203,113,SF,33,SAS,60,5,5.67,4.06,14500000,14500000,0,0
Paul,George,Paul George,203,100,SF,30,LAC,42,42,9.99,7.23,33005556,35450412,37895268,0
Taj,Gibson,Taj Gibson,206,105,PF,34,NYK,62,56,3.85,2.02,9000000,9450000,0,0
Harry,Giles III,Harry Giles III,211,109,PF,22,SAC,38,17,0.90,1.46,2578800,0,0,0
Shai,Gilgeous-Alexander,Shai Gilgeous-Alexander,196,82,SG,21,OKC,63,63,4.62,8.28,3952920,4141320,5495532,7523383
Rudy,Gobert,Rudy Gobert,216,117,C,27,UTA,62,62,7.25,7.34,25258427,25775281,0,0
Brandon,Goodwin,Brandon Goodwin,183,82,PG,24,ATL,34,1,0.28,1.64,522738,1701593,0,0
Aaron,Gordon,Aaron Gordon,203,107,PF,24,ORL,58,58,6.12,5.99,19863636,18136364,16409091,
Eric,Gordon,Eric Gordon,191,98,SG,31,HOU,34,13,4.59,3.77,14057730,16869267,18218818,19568360
Devonte',Graham,Devonte' Graham,185,88,PG,25,CHA,63,53,1.75,7.16,1416852,1663861,0,0
Treveon,Graham,Treveon Graham,196,99,SG,26,MIN,55,20,2.12,1.32,1645357,0,0,0
Jerami,Grant,Jerami Grant,203,95,SF,26,DEN,64,22,7.20,5.33,9346153,9346153,0,0
Josh,Gray,Josh Gray,183,82,PG,26,NOP,2,0,,0.25,79568,0,0,0
Danny,Green,Danny Green,198,98,SG,32,LAL,61,61,5.64,4.23,14634147,15365853,0,0
Draymond,Green,Draymond Green,198,104,PF,30,GSW,43,43,5.87,5.45,18539130,22246956,24026712,25806468
JaMychal,Green,JaMychal Green,203,103,PF,29,LAC,55,0,3.07,2.62,4767000,5005350,0,0
Javonte,Green,Javonte Green,193,93,SG,26,BOS,44,1,,0.93,898310,1517981,0,0
Jeff,Green,Jeff Green,203,107,PF,33,UTA,40,2,4.53,2.54,3405180,0,0,0
Blake,Griffin,Blake Griffin,206,113,PF,31,DET,18,18,6.50,3.86,34449964,36810996,38957028,0
Marko,Guduric,Marko Guduric,198,91,SG,25,MEM,42,0,,1.38,2625000,2750000,0,0
Kyle,Guy,Kyle Guy,185,76,SG,22,SAC,2,0,,0.07,79568,0,0,0
Rui,Hachimura,Rui Hachimura,203,104,PF,22,WAS,41,41,,4.90,4469160,4692840,4916160,6263188
Devon,Hall,Devon Hall,188,97,SG,24,OKC,5,0,,0.16,79568,0,0,0
Dusty,Hannahs,Dusty Hannahs,190,95,SG,26,MEM,2,0,0.49,0.65,81678,0,0,0
Tim,Hardaway Jr.,Tim Hardaway Jr.,196,93,PG,28,DAL,63,50,5.67,4.96,20025127,18975000,0,0
James,Harden,James Harden,196,100,SG,30,HOU,61,61,10.0,10.0,38199000,41254920,44310840,47366760
Maurice,Harkless,Maurice Harkless,201,100,SF,27,LAC,62,48,4.01,3.57,11011234,0,0,0
Jared,Harper,Jared Harper,178,79,PG,22,PHX,3,0,,0.02,79568,0,0,0
Montrezl,Harrell,Montrezl Harrell,201,109,PF,26,LAC,63,2,4.02,3.86,6000000,0,0,0
Gary,Harris,Gary Harris,193,95,SG,25,DEN,56,55,4.35,5.39,17839286,19160714,20482143,0
Joe,Harris,Joe Harris,198,100,SF,28,BKN,63,63,5.46,5.88,7666667,0,0,0
Tobias,Harris,Tobias Harris,203,103,PF,27,PHI,65,65,7.23,7.20,32742000,34358850,35995950,37633050
Shaquille,Harrison,Shaquille Harrison,201,86,SG,26,CHI,43,10,2.55,1.75,1620564,0,0,0
Josh,Hart,Josh Hart,196,98,SG,25,NOP,57,14,3.87,4.82,1934160,3491159,5236738,0
Isaiah,Hartenstein,Isaiah Hartenstein,213,113,C,22,HOU,23,2,1.03,1.26,1416852,1663861,0,0
Udonis,Haslem,Udonis Haslem,203,107,PF,39,MIA,3,0,0.34,0.27,2564753,0,0,0
Jaxson,Hayes,Jaxson Hayes,211,100,C,20,NOP,56,12,,2.31,4862040,5105160,5348280,6803012
Gordon,Hayward,Gordon Hayward,201,102,SF,30,BOS,45,45,5.16,8.39,32700690,34187085,0,0
John,Henson,John Henson,206,99,PF,29,CLE,40,8,1.71,1.59,9732396,0,0,0
Dewan,Hernandez,Dewan Hernandez,208,107,C,23,TOR,4,0,,0.0,898310,1517981,1782621,0
Juancho,Hernangomez,Juancho Hernangomez,206,97,PF,24,DEN,48,14,2.63,1.91,3321029,4642799,0,0
Willy,Hernangomez,Willy Hernangomez,211,113,C,26,CHA,31,0,2.33,1.34,1676735,0,0,0
Tyler,Herro,Tyler Herro,196,88,SG,20,MIA,47,6,,4.41,3640200,3822240,4004280,5722116
Kevin,Hervey,Kevin Hervey,206,104,PF,23,OKC,7,0,,0.01,79568,0,0,0
Mario,Hezonja,Mario Hezonja,203,100,SF,25,POR,47,4,2.92,2.29,1737145,1977011,0,0
Buddy,Hield,Buddy Hield,193,100,SG,27,SAC,64,44,6.17,6.11,4861207,26431817,24477272,22522728
George,Hill,George Hill,191,85,PG,34,MIL,52,0,3.57,4.14,10133907,9590602,10047297,0
Solomon,Hill,Solomon Hill,198,103,SF,29,MEM,54,4,2.48,2.85,13290395,0,0,0
Jaylen,Hoard,Jaylen Hoard,203,98,SF,21,POR,13,0,,0.61,79568,0,0,0
Aaron,Holiday,Aaron Holiday,183,84,PG,23,IND,58,26,1.95,3.95,2239200,2345640,3980551,5791701
Jrue,Holiday,Jrue Holiday,191,93,PG,29,NOP,55,55,9.99,9.07,26131111,26131111,27020000,0
Justin,Holiday,Justin Holiday,198,82,SG,31,IND,65,2,5.86,4.96,4767000,0,0,0
Rondae,Hollis-Jefferson,Rondae Hollis-Jefferson,198,98,SF,25,TOR,52,5,2.84,2.75,2500000,0,0,0
Richaun,Holmes,Richaun Holmes,208,107,PF,26,SAC,39,33,1.90,4.56,4767000,5005350,0,0
Rodney,Hood,Rodney Hood,203,94,SG,27,POR,21,21,3.74,3.87,5718000,6003900,0,0
Al,Horford,Al Horford,206,109,C,33,PHI,60,57,8.61,7.83,28000000,27500000,27000000,26500000
Talen,Horton-Tucker,Talen Horton-Tucker,193,106,SG,19,LAL,2,0,,0.05,898310,1517981,,0
Danuel,House Jr.,Danuel House Jr.,198,100,SG,26,HOU,58,47,3.58,5.72,3540000,3717000,3894000,0
Dwight,Howard,Dwight Howard,208,120,C,34,LAL,62,2,2.32,2.22,5603850,0,0,0
William,Howard,William Howard,203,94,SG,26,HOU,2,0,,0.0,209136,0,0,0
Kevin,Huerter,Kevin Huerter,201,86,SG,21,ATL,56,48,3.96,5.90,2636280,2761920,4253357,6065287
De'Andre,Hunter,De'Andre Hunter,201,102,SF,22,ATL,63,62,,5.10,7068360,7422000,7775400,9835881
Chandler,Hutchison,Chandler Hutchison,201,95,SF,24,CHI,28,10,2.50,2.75,2332320,2443440,4019459,5820176
Serge,Ibaka,Serge Ibaka,213,107,PF,30,TOR,50,27,4.53,4.77,23271604,0,0,0
Andre,Iguodala,Andre Iguodala,198,98,SF,36,MIA,14,0,4.25,2.87,17185185,15000000,15000000,0
Ersan,Ilyasova,Ersan Ilyasova,206,107,PF,33,MIL,56,8,2.37,2.41,7000000,7000000,0,0
Joe,Ingles,Joe Ingles,201,100,SF,32,UTA,64,37,5.61,5.65,11454546,10363637,12436364,0
Brandon,Ingram,Brandon Ingram,201,86,SF,22,NOP,56,56,5.41,8.51,7265485,9481458,0,0
Kyrie,Irving,Kyrie Irving,188,88,PG,28,BKN,20,20,9.67,8.90,31742000,33329100,34916200,36503300
Jonathan,Isaac,Jonathan Isaac,211,104,PF,22,ORL,32,32,4.72,6.99,5806440,7362565,9821662,0
Wes,Iwundu,Wes Iwundu,198,88,SF,25,ORL,45,18,2.68,2.60,1618520,0,0,0
Frank,Jackson,Frank Jackson,191,93,PG,22,NOP,51,1,2.41,1.33,1618520,0,0,0
Josh,Jackson,Josh Jackson,203,94,SF,23,MEM,18,0,3.73,3.05,7059480,0,0,0
Justin,Jackson,Justin Jackson,201,100,SF,25,DAL,58,2,3.18,2.15,3280920,5029650,7031451,0
Reggie,Jackson,Reggie Jackson,191,94,PG,30,DET,23,11,4.99,4.11,17799677,0,0,0
Jaren,Jackson Jr.,Jaren Jackson Jr.,211,110,PF,20,MEM,54,54,4.09,4.62,6927480,7257360,9180560,12109158
Justin,James,Justin James,201,86,SG,23,SAC,34,0,,0.57,898310,1517981,1782621,0
LeBron,James,LeBron James,206,113,SF,35,LAL,60,60,9.31,9.69,37436858,39219566,41002274,0
Amile,Jefferson,Amile Jefferson,206,100,PF,27,ORL,18,0,0.45,0.10,1529007,0,0,0
DaQuan,Jeffries,DaQuan Jeffries,196,104,SG,22,SAC,6,0,,0.14,898310,0,0,0
Ty,Jerome,Ty Jerome,196,88,PG,22,PHX,28,0,,1.21,2193480,2303040,2412840,4220057
Alize,Johnson,Alize Johnson,201,96,SF,24,IND,13,0,0.39,0.22,1416852,0,0,0
BJ,Johnson,BJ Johnson,201,91,SF,24,ORL,8,0,0.66,0.22,79568,0,0,0
Cameron,Johnson,Cameron Johnson,203,95,SF,24,PHX,49,1,,3.48,4033440,4235160,4437000,5887899
James,Johnson,James Johnson,201,109,SF,33,MIA,32,1,3.15,3.48,15349400,16047100,0,0
Keldon,Johnson,Keldon Johnson,196,100,SF,20,SAS,9,0,,1.50,1950600,2048040,2145720,3873024
Stanley,Johnson,Stanley Johnson,198,110,SF,24,TOR,20,0,2.53,0.30,3623000,3804150,0,0
Tyler,Johnson,Tyler Johnson,190,86,SG,28,PHX,31,3,4.40,1.83,19245370,0,0,0
Nikola,Jokic,Nikola Jokic,213,129,C,25,DEN,65,65,9.57,9.18,27504630,29542010,31579390,33616770
Damian,Jones,Damian Jones,211,111,C,24,ATL,55,27,1.95,2.19,2305057,3457585,0,0
Tyus,Jones,Tyus Jones,183,89,PG,24,MEM,65,6,4.56,3.32,9258000,8817143,8376286,0
Derrick,Jones Jr.,Derrick Jones Jr.,198,95,SF,23,MIA,51,15,2.92,4.75,1645357,0,0,0
DeAndre,Jordan,DeAndre Jordan,211,120,C,31,BKN,56,6,5.34,3.72,9881598,10375678,9881598,9821842
Cory,Joseph,Cory Joseph,191,91,PG,28,SAC,64,22,4.53,3.97,12000000,12600000,12600000,0
Mfiondu,Kabengele,Mfiondu Kabengele,206,113,C,22,LAC,12,0,,0.32,1977000,2075880,2174880,3923483
Frank,Kaminsky,Frank Kaminsky,213,109,PF,27,PHX,32,13,2.05,3.05,4767000,5005350,0,0
Enes,Kanter,Enes Kanter,208,113,C,28,BOS,51,6,4.82,2.57,4767000,5005350,0,0
Luke,Kennard,Luke Kennard,196,93,SG,23,DET,28,25,3.19,5.72,3827160,5273826,7256785,0
Stanton,Kidd,Stanton Kidd,198,97,SF,28,UTA,4,0,,0.0,250000,0,0,0
Michael,Kidd-Gilchrist,Michael Kidd-Gilchrist,198,105,SF,26,CHA,21,0,2.90,0.97,12784359,0,0,0
Louis,King,Louis King,201,93,SF,21,DET,10,0,,0.39,79568,0,0,0
Maxi,Kleber,Maxi Kleber,208,109,PF,28,DAL,66,21,3.28,4.66,8000000,8250000,8750000,9000000
Brandon,Knight,Brandon Knight,188,83,PG,28,CLE,25,3,2.53,1.79,15643750,0,0,0
Kevin,Knox II,Kevin Knox II,201,98,SF,20,NYK,65,4,4.04,2.23,4380120,4588680,5845978,7921300
John,Konchar,John Konchar,196,95,SG,24,MEM,15,0,,1.72,79568,0,0,0
Furkan,Korkmaz,Furkan Korkmaz,201,92,SG,22,PHI,64,12,1.37,3.06,1620564,1762796,0,0
Luke,Kornet,Luke Kornet,218,113,PF,24,CHI,36,14,2.77,1.78,2250000,2250000,0,0
Kyle,Korver,Kyle Korver,201,96,SF,39,MIL,50,0,2.96,2.71,6004753,0,0,0
Rodions,Kurucs,Rodions Kurucs,206,103,PF,22,BKN,39,4,2.59,1.18,1699236,1780152,1861068,0
Kyle,Kuzma,Kyle Kuzma,203,100,PF,24,LAL,54,7,5.08,3.01,1974600,3562178,5282711,0
Skal,Labissiere,Skal Labissiere,208,107,PF,24,POR,33,1,0.53,1.92,2338846,3484881,0,0
Jeremy,Lamb,Jeremy Lamb,196,82,SF,28,IND,46,42,6.39,5.92,10500000,10500000,10500000,0
Romeo,Langford,Romeo Langford,193,98,SG,20,BOS,27,1,,0.80,3458400,3631200,3804360,5634257
Zach,LaVine,Zach LaVine,198,91,SG,25,CHI,60,60,6.67,7.66,19500000,19500000,19500000,0
Vic,Law,Vic Law,201,91,SF,24,ORL,5,0,,0.03,79568,0,0,0
Jake,Layman,Jake Layman,203,95,SF,26,MIN,23,2,2.77,3.34,3581986,3761085,3940184,0
TJ,Leaf,TJ Leaf,208,101,PF,23,IND,25,1,0.81,0.63,2813280,4326825,6139764,0
Jalen,Lecque,Jalen Lecque,193,84,PG,19,PHX,4,0,,0.44,898310,1517981,1782621,0
Courtney,Lee,Courtney Lee,196,98,SG,34,DAL,24,9,1.06,2.33,12759670,0,0,0
Damion,Lee,Damion Lee,196,95,SG,27,GSW,49,36,1.20,4.94,842327,1762796,1910860,0
Alex,Len,Alex Len,213,113,C,26,ATL,49,9,3.35,2.48,4160000,0,0,0
Kawhi,Leonard,Kawhi Leonard,201,102,SF,28,LAC,51,51,9.49,9.91,32742000,34379100,36016200,0
Meyers,Leonard,Meyers Leonard,213,118,C,28,MIA,49,49,2.09,3.36,11286515,0,0,0
Caris,LeVert,Caris LeVert,198,93,SG,25,BKN,39,25,4.28,5.08,2625717,16203704,17500000,18796296
Damian,Lillard,Damian Lillard,188,88,PG,29,POR,58,58,9.82,10.0,29802321,31626953,43750000,47250000
Nassir,Little,Nassir Little,196,100,PF,20,POR,48,5,,0.92,2105520,2210640,2316240,4171548
Kevon,Looney,Kevon Looney,206,101,PF,24,GSW,20,4,1.92,1.06,4464286,4821429,5178572,0
Brook,Lopez,Brook Lopez,213,128,C,32,MIL,61,60,7.66,6.06,12093024,12697675,13302325,13906976
Robin,Lopez,Robin Lopez,213,127,C,32,MIL,60,4,3.30,1.62,4767000,5005350,0,0
Kevin,Love,Kevin Love,203,114,PF,31,CLE,56,56,4.78,6.56,28942830,31258256,31258256,28942830
Kyle,Lowry,Kyle Lowry,183,89,PG,34,TOR,52,52,8.29,8.14,33296296,30500000,0,0
Timothe,Luwawu-Cabarrot,Timothe Luwawu-Cabarrot,201,100,SF,25,BKN,39,0,1.62,2.31,837583,1824003,0,0
Trey,Lyles,Trey Lyles,206,106,PF,24,SAS,63,53,1.96,3.02,5500000,5500000,0,0
Daryl,Macon,Daryl Macon,188,83,SG,24,MIA,4,0,0.75,0.10,79568,0,0,0
J.P.,Macura,J.P. Macura,196,92,SG,24,CLE,1,0,0.22,0.01,106181,0,0,0
Josh,Magette,Josh Magette,185,72,PG,30,ORL,8,0,,0.23,161245,0,0,0
Ian,Mahinmi,Ian Mahinmi,211,119,C,33,WAS,38,35,1.63,2.44,15450051,0,0,0
Thon,Maker,Thon Maker,213,100,PF,23,DET,60,14,1.70,1.46,3569643,4861853,0,0
Terance,Mann,Terance Mann,196,98,SG,23,LAC,35,6,,0.59,1000000,1517981,1782621,1930681
Boban,Marjanovic,Boban Marjanovic,224,132,C,31,DAL,37,2,2.17,1.07,3500000,3500000,0,0
Lauri,Markkanen,Lauri Markkanen,213,109,PF,23,CHI,50,50,6.31,5.33,5300400,6731508,9026952,0
Caleb,Martin,Caleb Martin,196,93,SF,24,CHA,18,1,,2.33,898310,1517981,1782621,0
Cody,Martin,Cody Martin,196,93,SF,24,CHA,48,3,,2.22,1173310,1517981,1782621,0
Jeremiah,Martin,Jeremiah Martin,188,84,PG,23,BKN,3,0,,0.20,79568,0,0,0
Kelan,Martin,Kelan Martin,196,104,SF,24,MIN,31,4,,1.29,79568,0,0,0
Frank,Mason,Frank Mason,180,86,PG,26,MIL,6,0,1.08,0.42,79568,0,0,0
Garrison,Mathews,Garrison Mathews,196,98,SG,23,WAS,18,0,,1.63,79568,0,0,0
Wesley,Matthews,Wesley Matthews,193,100,PG,33,MIL,62,62,5.21,3.53,2564753,2692991,0,0
Patrick,McCaw,Patrick McCaw,201,82,SG,24,TOR,37,12,1.41,3.24,4000000,4000000,0,0
CJ,McCollum,CJ McCollum,191,86,SG,28,POR,62,62,6.21,7.15,27556959,29354152,30864198,33333333
T.J.,McConnell,T.J. McConnell,185,86,PG,28,IND,63,3,3.55,3.42,3500000,3500000,0,0
Jalen,McDaniels,Jalen McDaniels,208,93,PF,22,CHA,16,0,,2.53,898310,1517981,1782621,1930681
Doug,McDermott,Doug McDermott,201,102,SF,28,IND,62,0,2.65,3.40,7333333,7333333,0,0
JaVale,McGee,JaVale McGee,213,122,C,32,LAL,61,61,3.49,2.58,4000000,4200000,0,0
Rodney,McGruder,Rodney McGruder,193,93,SG,28,LAC,50,3,2.85,1.30,4807693,5192307,5000000,0
Alfonzo,McKinnie,Alfonzo McKinnie,201,98,SF,27,CLE,40,1,1.53,1.47,2391985,1762796,1910860,2165298
Jordan,McLaughlin,Jordan McLaughlin,180,84,PG,24,MIN,30,2,,3.32,79568,0,0,0
Ben,McLemore,Ben McLemore,191,88,SG,27,HOU,63,19,0.57,3.02,2028594,2283034,0,0
Jordan,McRae,Jordan McRae,196,81,SG,29,WAS,37,4,1.29,3.31,1254933,0,0,0
Nicolo,Melli,Nicolo Melli,206,107,C,29,NOP,52,6,,2.69,4102564,3897436,0,0
De'Anthony,Melton,De'Anthony Melton,188,91,PG,22,MEM,52,8,3.37,3.40,1416852,0,0,0
Chimezie,Metu,Chimezie Metu,206,102,PF,23,SAS,16,0,0.20,0.27,1416852,1663861,0,0
Khris,Middleton,Khris Middleton,201,101,SF,28,MIL,55,52,6.29,7.49,30603448,33051724,35500000,37984276
CJ,Miles,CJ Miles,198,99,SG,33,WAS,10,0,1.76,2.17,8730158,0,0,0
Malcolm,Miller,Malcolm Miller,201,95,SF,27,TOR,25,1,0.85,0.25,1588231,0,0,0
Patty,Mills,Patty Mills,185,82,PG,31,SAS,63,1,4.24,3.72,12428571,13285714,0,0
Paul,Millsap,Paul Millsap,201,117,PF,35,DEN,44,41,5.05,4.64,30350000,0,0,0
Shake,Milton,Shake Milton,196,93,SG,23,PHI,32,16,1.33,2.84,1445697,1701593,1846738,1997718
Donovan,Mitchell,Donovan Mitchell,185,98,SG,23,UTA,63,63,6.36,6.49,3635760,5195501,7185378,0
Adam,Mokoka,Adam Mokoka,196,86,SG,21,CHI,11,0,,0.75,79568,0,0,0
Malik,Monk,Malik Monk,191,91,SG,22,CHA,55,1,2.07,2.99,4028400,5345687,7318245,0
Matt,Mooney,Matt Mooney,188,90,SG,23,CLE,4,0,,0.25,79568,0,0,0
E'Twaun,Moore,E'Twaun Moore,191,87,PG,31,NOP,51,5,5.28,2.57,8664928,0,0,0
Ja,Morant,Ja Morant,191,79,PG,20,MEM,59,59,,6.28,8730240,9166800,9603360,12119440
Juwan,Morgan,Juwan Morgan,201,105,PF,23,UTA,16,0,,0.17,746054,1517981,0,0
Markieff,Morris,Markieff Morris,203,111,SF,30,DET,52,16,3.24,3.42,3709887,0,0,0
Monte,Morris,Monte Morris,188,83,PG,24,DEN,65,8,5.01,3.99,1588231,1723707,0,0
Marcus,Morris Sr.,Marcus Morris Sr.,203,99,SF,30,NYK,55,55,5.30,6.57,15000000,0,0,0
Johnathan,Motley,Johnathan Motley,203,104,PF,25,LAC,13,0,0.32,0.15,79568,0,0,0
Emmanuel,Mudiay,Emmanuel Mudiay,191,91,PG,24,UTA,48,1,4.88,2.17,1737145,0,0,0
Dejounte,Murray,Dejounte Murray,193,82,PG,23,SAS,58,50,,5.43,2321735,14286000,15428880,16571120
Jamal,Murray,Jamal Murray,193,98,PG,23,DEN,55,55,7.57,7.36,4444746,29000000,31320000,33640000
Dzanan,Musa,Dzanan Musa,206,98,SF,21,BKN,35,0,0.20,1.07,1911600,2002800,3615054,5429079
Mike,Muscala,Mike Muscala,208,109,PF,28,OKC,41,0,2.71,1.47,2028594,2283034,0,0
Svi,Mykhailiuk,Svi Mykhailiuk,201,93,SF,22,DET,56,27,0.95,3.71,1416852,1663861,0,0
Abdel,Nader,Abdel Nader,196,102,SF,26,OKC,48,5,1.40,2.37,1618520,1752950,0,0
Larry,Nance Jr.,Larry Nance Jr.,201,111,PF,27,CLE,56,10,5.17,4.83,12727273,11709091,10690909,0
Shabazz,Napier,Shabazz Napier,183,79,PG,28,MIN,51,30,3.12,4.30,1845301,0,0,0
Raul,Neto,Raul Neto,185,82,PG,28,PHI,49,3,1.88,1.50,1737145,0,0,0
Georges,Niang,Georges Niang,201,104,PF,26,UTA,58,0,0.98,1.88,1645357,1783557,0,0
Nerlens,Noel,Nerlens Noel,208,100,C,26,OKC,55,6,1.89,4.08,1882867,0,0,0
Zach,Norvell Jr.,Zach Norvell Jr.,196,93,SG,22,LAL,5,0,,0.95,130320,0,0,0
Jaylen,Nowell,Jaylen Nowell,193,91,SG,20,MIN,15,0,,0.95,1400000,1517981,1782621,1930681
Frank,Ntilikina,Frank Ntilikina,193,91,PG,21,NYK,57,26,2.62,3.05,4855800,6176578,8326027,0
Kendrick,Nunn,Kendrick Nunn,188,86,SG,24,MIA,62,62,,4.77,1416852,1663861,0,0
Jusuf,Nurkic,Jusuf Nurkic,213,132,C,24,POR,0,0,5.25,5.25,12000000,12888889,12000000,0
David,Nwaba,David Nwaba,196,99,SF,27,BKN,20,0,2.69,2.30,1678854,0,0,0
Royce,O'Neale,Royce O'Neale,193,103,SF,26,UTA,64,55,3.18,5.29,1618520,8500000,8800000,9200000
Kyle,O'Quinn,Kyle O'Quinn,206,113,C,30,PHI,26,1,0.90,1.00,2174318,0,0,0
Semi,Ojeleye,Semi Ojeleye,198,109,PF,25,BOS,61,5,0.86,2.01,1618520,1752950,0,0
Jahlil,Okafor,Jahlil Okafor,208,122,C,24,NOP,28,9,2.14,1.65,1702486,0,0,0
Elie,Okobo,Elie Okobo,191,86,PG,22,PHX,54,3,2.10,1.48,1416852,1663861,1802057,0
Josh,Okogie,Josh Okogie,193,97,SG,21,MIN,62,28,3.00,3.77,2530680,2651040,4087904,5857966
KZ,Okpala,KZ Okpala,203,98,SF,21,MIA,5,0,,0.36,898310,1517981,1782621,0
Victor,Oladipo,Victor Oladipo,193,97,SG,28,IND,13,10,6.57,3.68,21000000,21000000,0,0
Kelly,Olynyk,Kelly Olynyk,211,109,PF,29,MIA,59,6,3.53,3.02,12667885,13598243,0,0
Miye,Oni,Miye Oni,196,93,SG,22,UTA,5,0,,0.01,898310,1517981,1782621,0
Cedi,Osman,Cedi Osman,201,104,SF,25,CLE,65,65,5.15,4.66,2907143,8840580,8133334,7426088
Kelly,Oubre Jr.,Kelly Oubre Jr.,201,92,SF,24,PHX,56,55,5.53,7.80,15625000,14375000,0,0
Tariq,Owens,Tariq Owens,208,93,PF,24,PHX,3,0,,0.08,79568,0,0,0
Jeremy,Pargo,Jeremy Pargo,188,99,PG,34,GSW,3,0,,1.09,91557,0,0,0
Jabari,Parker,Jabari Parker,203,111,PF,25,ATL,33,23,3.92,4.12,6500000,6500000,0,0
Chandler,Parsons,Chandler Parsons,206,104,SF,31,ATL,5,0,2.94,0.83,25102512,0,0,0
Eric,Paschall,Eric Paschall,198,116,PF,23,GSW,60,26,,3.86,898310,1517981,1782621,
Anzejs,Pasecniks,Anzejs Pasecniks,218,104,C,24,WAS,24,0,,1.07,482144,1517981,1782621,0
Patrick,Patterson,Patrick Patterson,203,107,PF,31,LAC,51,18,1.34,1.45,3068660,737067,737067,0
Justin,Patton,Justin Patton,211,109,C,22,OKC,5,0,0.30,0.13,1620564,0,0,0
Chris,Paul,Chris Paul,185,79,PG,35,OKC,63,63,8.31,7.64,38506482,41358814,44211146,0
Elfrid,Payton,Elfrid Payton,191,88,PG,26,NYK,45,36,6.11,5.22,8000000,8000000,0,0
Gary,Payton II,Gary Payton II,191,88,PG,27,WAS,29,17,0.62,1.60,1052909,0,0,0
Norvel,Pelle,Norvel Pelle,208,105,C,27,PHI,20,0,,0.44,350189,1517981,0,0
Theo,Pinson,Theo Pinson,196,96,SG,24,BKN,33,0,0.92,1.04,1445697,1701593,0,0
Mason,Plumlee,Mason Plumlee,211,115,C,30,DEN,53,1,2.93,1.65,14041096,0,0,0
Jakob,Poeltl,Jakob Poeltl,216,111,C,24,SAS,58,10,1.84,2.16,3754885,5087870,0,0
Vincent,Poirier,Vincent Poirier,213,107,C,26,BOS,21,0,,0.40,2505793,2619207,0,0
Shamorie,Ponds,Shamorie Ponds,183,81,PG,21,TOR,4,0,,0.14,79568,0,0,0
Jordan,Poole,Jordan Poole,193,88,SG,20,GSW,57,14,,2.58,1964760,2063280,2161440,3901399
Kevin,Porter Jr.,Kevin Porter Jr.,193,92,PG,20,CLE,50,3,,3.16,1290960,1717981,1782621,3217631
Michael,Porter Jr.,Michael Porter Jr.,208,99,PF,21,DEN,48,1,,2.08,3389400,3550800,5258735,7314900
Otto,Porter Jr.,Otto Porter Jr.,203,90,SF,26,CHI,14,9,7.16,4.49,27250576,28489239,0,0
Bobby,Portis,Bobby Portis,208,113,PF,25,NYK,66,5,4.25,3.18,15000000,15750000,0,0
Kristaps,Porzingis,Kristaps Porzingis,221,109,PF,24,DAL,51,51,,6.73,27285000,29467800,31650600,33833400
Dwight,Powell,Dwight Powell,208,109,PF,28,DAL,40,37,3.31,3.94,10259375,11080125,11080125,11080125
Norman,Powell,Norman Powell,191,98,SG,27,TOR,44,23,2.50,5.85,10116576,10865952,11615328,0
Taurean,Prince,Taurean Prince,201,99,SF,26,BKN,64,61,4.78,5.20,3481985,12250000,13000000,
Chasson,Randle,Chasson Randle,188,84,PG,27,GSW,3,0,1.94,0.77,91557,0,0,0
Julius,Randle,Julius Randle,203,113,PF,25,NYK,64,64,5.09,5.09,18000000,18900000,19800000,0
Josh,Reaves,Josh Reaves,193,97,SG,22,DAL,2,0,,0.01,79568,0,0,0
Cam,Reddish,Cam Reddish,203,99,SF,20,ATL,58,34,,4.68,4245720,4458000,4670160,5954454
JJ,Redick,JJ Redick,191,91,SG,35,NOP,54,35,5.06,4.64,13486300,13013700,0,0
Naz,Reid,Naz Reid,206,120,C,20,MIN,30,11,,2.30,898310,1517981,1782621,1930681
Josh,Richardson,Josh Richardson,196,91,SG,26,PHI,48,46,6.61,5.37,10116576,10865952,11615328,0
Austin,Rivers,Austin Rivers,191,91,PG,27,HOU,60,4,2.85,3.22,2174310,2436046,0,0
Duncan,Robinson,Duncan Robinson,201,98,SF,26,MIA,65,60,1.05,5.93,1416852,1663861,0,0
Jerome,Robinson,Jerome Robinson,193,86,SG,23,LAC,55,4,0.56,1.34,3567720,3737520,5340916,7386486
Justin,Robinson,Justin Robinson,185,88,PG,22,WAS,9,0,,0.39,395865,0,0,0
Mitchell,Robinson,Mitchell Robinson,213,109,C,22,NYK,61,7,3.38,3.97,1559712,1663861,1802057,0
Glenn,Robinson III,Glenn Robinson III,198,101,SF,26,GSW,60,52,1.63,6.46,1882867,0,0,0
Isaiah,Roby,Isaiah Roby,203,104,SF,22,OKC,3,0,,0.02,1500000,1517981,1782621,1930681
Rajon,Rondo,Rajon Rondo,185,82,PG,34,LAL,48,3,5.44,2.87,2564753,2692991,0,0
Derrick,Rose,Derrick Rose,188,91,PG,31,DET,50,15,6.17,5.46,7317074,7682926,0,0
Terrence,Ross,Terrence Ross,198,93,SG,29,ORL,63,0,4.87,4.94,12500000,13500000,12500000,11500000
Terry,Rozier,Terry Rozier,185,86,PG,26,CHA,63,63,4.54,7.11,19894737,18900000,17905263,0
Ricky,Rubio,Ricky Rubio,191,86,PG,29,PHX,57,57,5.01,6.91,16200000,17000000,17800000,0
D'Angelo,Russell,D'Angelo Russell,193,88,PG,24,GSW,45,45,6.88,6.93,27285000,28649250,30013500,31377750
Domantas,Sabonis,Domantas Sabonis,211,109,PF,24,IND,62,62,3.50,6.60,3529554,18500000,18500000,18500000
Luka,Samanic,Luka Samanic,208,103,PF,20,SAS,1,0,,0.47,2689920,2824320,2959080,4556983
JaKarr,Sampson,JaKarr Sampson,201,97,SF,27,IND,26,10,8.14,1.17,1737145,0,0,0
Dario,Saric,Dario Saric,208,102,PF,26,PHX,58,50,3.92,3.99,3481985,4791212,0,0
Tomas,Satoransky,Tomas Satoransky,201,95,PG,28,CHI,65,64,5.59,5.38,10000000,10000000,10000000,0
Admiral,Schofield,Admiral Schofield,196,109,SF,23,WAS,27,2,,0.99,1000000,1517981,1782621,0
Dennis,Schroder,Dennis Schroder,185,78,PG,26,OKC,63,1,5.21,5.78,15500000,15500000,0,0
Mike,Scott,Mike Scott,201,108,PF,31,PHI,63,10,1.89,2.44,4767000,5005350,0,0
Thabo,Sefolosha,Thabo Sefolosha,198,98,SF,36,HOU,41,0,1.78,0.90,2564753,0,0,0
Collin,Sexton,Collin Sexton,185,86,PG,21,CLE,65,65,5.55,6.01,4764960,4991880,6349671,8559356
Landry,Shamet,Landry Shamet,193,86,SG,23,LAC,47,27,2.72,3.65,1995120,2090040,3768342,5562072
Marial,Shayok,Marial Shayok,196,90,SG,24,PHI,2,0,,0.26,79568,0,0,0
Iman,Shumpert,Iman Shumpert,196,97,SG,29,BKN,13,0,3.54,1.57,419443,0,0,0
Pascal,Siakam,Pascal Siakam,206,104,PF,26,TOR,53,53,6.09,7.67,2351838,29000000,31320000,33640000
Chris,Silva,Chris Silva,203,106,PF,23,MIA,41,0,,0.44,466918,1517981,1782621,0
Ben,Simmons,Ben Simmons,208,109,PG,23,PHI,54,54,7.48,9.19,8113929,29000000,31320000,33640000
Anfernee,Simons,Anfernee Simons,191,82,SG,20,POR,65,4,0.29,2.65,2149560,2252040,3938818,5758551
Alen,Smailagic,Alen Smailagic,208,98,PF,19,GSW,14,0,,1.01,898310,1517981,1782621,1930681
Marcus,Smart,Marcus Smart,191,100,SG,26,BOS,53,39,4.92,6.68,12553571,12946428,13839285,0
Ish,Smith,Ish Smith,183,79,PG,31,WAS,60,19,3.42,5.09,6000000,6000000,0,0
Zhaire,Smith,Zhaire Smith,191,93,SG,20,PHI,7,0,2.19,0.12,3058800,3204600,4915856,6906777
Dennis,Smith Jr.,Dennis Smith Jr.,188,93,PG,22,NYK,34,3,4.69,1.44,4463640,5686677,7705447,0
Tony,Snell,Tony Snell,198,97,SG,28,DET,59,57,2.31,4.93,11392857,12178571,0,0
Omari,Spellman,Omari Spellman,203,111,PF,22,GSW,49,3,2.26,2.92,1897800,1988280,3588845,5383267
Max,Strus,Max Strus,196,98,SG,24,CHI,2,0,,0.25,494568,0,0,0
Edmond,Sumner,Edmond Sumner,193,89,PG,24,IND,25,2,0.79,1.57,2000000,2160000,2320000,0
Caleb,Swanigan,Caleb Swanigan,206,118,PF,23,SAC,27,1,0.39,0.36,2033160,0,0,0
Jayson,Tatum,Jayson Tatum,203,95,SF,22,BOS,59,59,7.10,9.99,7830000,9897120,12985021,0
Jeff,Teague,Jeff Teague,191,88,PG,31,MIN,59,17,6.35,4.53,19000000,0,0,0
Garrett,Temple,Garrett Temple,196,88,SG,34,BKN,55,31,3.56,4.70,4767000,5005350,0,0
Daniel,Theis,Daniel Theis,203,111,C,28,BOS,58,57,2.36,4.58,5000000,5000000,0,0
Isaiah,Thomas,Isaiah Thomas,175,83,PG,31,WAS,40,37,1.33,3.39,2320044,0,0,0
Khyri,Thomas,Khyri Thomas,191,95,SG,24,DET,8,0,0.39,0.39,1416852,1663861,0,0
Matt,Thomas,Matt Thomas,193,86,PG,25,TOR,33,0,2.00,1.10,898310,1517981,1782621,0
Klay,Thompson,Klay Thompson,198,98,SG,29,GSW,0,0,7.22,7.22,32742000,35361360,37980720,40600080
Tristan,Thompson,Tristan Thompson,206,115,C,29,CLE,57,51,4.12,6.48,18539130,0,0,0
Matisse,Thybulle,Matisse Thybulle,196,91,SG,23,PHI,57,13,,2.88,2582160,2711280,2840160,4379526
Anthony,Tolliver,Anthony Tolliver,203,108,SF,34,POR,47,9,2.33,1.78,2564753,0,0,0
Karl-Anthony,Towns,Karl-Anthony Towns,211,112,C,24,MIN,35,35,9.77,10.0,27285000,29467800,31650600,33833400
Gary,Trent Jr.,Gary Trent Jr.,196,95,SG,21,POR,53,8,0.20,2.97,1416852,1663861,0,0
Allonzo,Trier,Allonzo Trier,193,91,PG,24,NYK,24,1,3.76,1.42,3551100,0,0,0
P.J.,Tucker,P.J. Tucker,196,111,PF,35,HOU,64,64,5.65,6.02,8349039,7969537,0,0
Rayjon,Tucker,Rayjon Tucker,191,95,SG,22,UTA,14,0,,0.25,578573,1517981,0,0
Evan,Turner,Evan Turner,198,100,SG,31,ATL,19,0,2.59,1.43,18606556,0,0,0
Myles,Turner,Myles Turner,211,113,C,24,IND,55,55,8.07,6.83,18000000,18000000,18000000,18000000
Jarrod,Uthoff,Jarrod Uthoff,206,100,PF,27,MEM,4,0,,0.02,81678,0,0,0
Jonas,Valanciunas,Jonas Valanciunas,211,120,C,28,MEM,62,62,4.51,6.28,16000000,15000000,14000000,0
Denzel,Valentine,Denzel Valentine,193,100,SG,26,CHI,36,5,,1.74,3377568,4698197,0,0
Jarred,Vanderbilt,Jarred Vanderbilt,206,97,PF,21,DEN,11,0,0.13,0.11,1416852,1663861,0,0
Fred,VanVleet,Fred VanVleet,185,89,PG,26,TOR,48,48,5.84,8.43,9346153,0,0,0
Gabe,Vincent,Gabe Vincent,191,91,PG,23,MIA,6,0,,0.30,79568,0,0,0
Noah,Vonleh,Noah Vonleh,208,117,PF,24,MIN,33,1,3.91,1.14,2000000,0,0,0
Nikola,Vucevic,Nikola Vucevic,211,118,C,29,ORL,54,54,10.0,9.61,28000000,26000000,24000000,22000000
Dean,Wade,Dean Wade,206,103,PF,23,CLE,12,0,,0.37,79568,0,0,0
Moritz,Wagner,Moritz Wagner,211,111,C,23,WAS,37,5,1.41,2.99,2063520,2161920,3893618,5719724
Dion,Waiters,Dion Waiters,191,95,SG,28,MIA,3,0,2.91,1.94,12603656,12650000,0,0
Kemba,Walker,Kemba Walker,183,83,PG,30,BOS,50,50,9.23,7.64,32742000,34379100,36016200,37653300
Lonnie,Walker IV,Lonnie Walker IV,196,93,SG,21,SAS,53,4,0.52,1.90,2764200,2895720,4453617,6319683
John,Wall,John Wall,193,95,PG,28,WAS,0,0,8.63,8.63,38199000,41254920,44310840,47366760
Tyrone,Wallace,Tyrone Wallace,196,89,SG,25,ATL,14,0,0.40,0.63,502491,0,0,0
Derrick,Walton Jr.,Derrick Walton Jr.,183,85,PG,25,LAC,26,1,,1.05,1527375,0,0,0
Brad,Wanamaker,Brad Wanamaker,191,95,PG,30,BOS,63,1,1.53,3.10,1445697,0,0,0
T.J.,Warren,T.J. Warren,203,100,SF,26,IND,61,61,6.90,7.01,10810000,11750000,12690000,0
P.J.,Washington,P.J. Washington,201,104,PF,21,CHA,58,57,0.97,4.79,3831840,4023600,4215120,5808435
Yuta,Watanabe,Yuta Watanabe,203,98,SF,25,MEM,16,0,0.31,0.48,79568,0,0,0
Tremont,Waters,Tremont Waters,178,79,PG,22,BOS,10,0,,0.93,79568,0,0,0
Paul,Watson,Paul Watson,198,95,SG,25,ATL,5,0,,0.14,130319,0,0,0
Quinndary,Weatherspoon,Quinndary Weatherspoon,191,93,SG,23,SAS,3,0,,0.03,79568,0,0,0
Russell,Westbrook,Russell Westbrook,191,91,PG,31,HOU,53,53,9.23,7.98,38506482,41358814,44211146,47063478
Coby,White,Coby White,193,88,SG,20,CHI,65,1,,3.81,5307120,5572680,5837760,7413955
Derrick,White,Derrick White,193,86,PG,25,SAS,61,13,5.64,5.19,1948080,3516284,5274427,0
Hassan,Whiteside,Hassan Whiteside,213,120,C,30,POR,61,61,3.56,7.79,27093018,0,0,0
Andrew,Wiggins,Andrew Wiggins,201,89,SF,25,MIN,54,54,6.65,7.59,27504630,29542010,31579390,33616770
Grant,Williams,Grant Williams,198,107,PF,21,BOS,62,5,,1.44,2379840,2498760,2617800,4306281
Johnathan,Williams,Johnathan Williams,206,103,PF,25,WAS,11,5,0.92,0.96,161245,0,0,0
Kenrich,Williams,Kenrich Williams,198,95,SG,25,NOP,35,18,3.40,2.62,1416852,0,0,0
Lou,Williams,Lou Williams,185,79,PG,33,LAC,60,8,5.88,5.8,8000000,8000000,0,0
Marvin,Williams,Marvin Williams,203,108,PF,33,CHA,52,1,5.00,3.15,14654179,0,0,0
Robert,Williams III,Robert Williams III,203,108,PF,22,BOS,23,1,0.76,1.60,122741,122741,0,0
Nigel,Williams-Goss,Nigel Williams-Goss,188,86,PG,25,UTA,9,0,,0.09,1500000,1517981,1782621,0
Zion,Williamson,Zion Williamson,198,129,PF,19,NOP,19,19,,4.55,9757440,10245480,10733400,13534817
D.J.,Wilson,D.J. Wilson,208,105,PF,24,MIL,31,0,2.03,0.66,2961120,4548280,6422172,0
Justise,Winslow,Justise Winslow,198,101,SF,24,MIA,11,5,4.82,4.07,13000000,13000000,13000000,0
Christian,Wood,Christian Wood,208,97,PF,24,DET,62,12,1.57,3.86,1645357,0,0,0
Delon,Wright,Delon Wright,196,84,SG,28,DAL,65,5,3.85,4.32,9473684,9000000,8526316,0
Justin,Wright-Foreman,Justin Wright-Foreman,183,86,PG,22,UTA,1,0,,0.0,79568,0,0,0
Thaddeus,Young,Thaddeus Young,203,107,PF,31,CHI,64,16,5.53,3.74,12900000,13545000,14190000,0
Trae,Young,Trae Young,185,82,PG,21,ATL,60,60,6.25,8.12,6273000,6571800,8326471,11040900
Cody,Zeller,Cody Zeller,213,109,C,27,CHA,58,39,4.90,3.57,14471910,15415730,0,0
Ante,Zizic,Ante Zizic,208,121,C,23,CLE,22,0,1.89,1.00,2281800,0,0,0
Ivica,Zubac,Ivica Zubac,213,109,C,23,LAC,64,62,2.34,2.66,6481482,7000000,7518518,7518518
